id,table,name,quantity,ingredient1,amount1,ingredient2,amount2,ingredient3,amount3,ingredient4,amount4,ingredient5,amount5,ingredient6,amount6
1,22,583,1,17,1,530,1,,,,,,,,
2,22,583,1,709,1,530,1,,,,,,,,
3,22,584,1,16,1,530,1,,,,,,,,
4,22,584,1,708,1,530,1,,,,,,,,
5,22,585,1,15,1,530,1,,,,,,,,
6,22,585,1,707,1,530,1,,,,,,,,
7,7,1133,1,1125,5,209,1,1124,5,1134,1,,,,
8,7,511,1,3,1,530,1,,,,,,,,
9,1,391,1,366,5,,,,,,,,,,
10,14,604,1,366,1,3,1,,,,,,,,
11,37,604,1,605,4,,,,,,,,,,
12,37,605,4,604,1,,,,,,,,,,
13,29,403,1,391,24,,,,,,,,,,
14,29,387,1,391,12,,,,,,,,,,
15,29,388,1,391,18,,,,,,,,,,
16,29,406,1,391,12,,,,,,,,,,
17,29,400,1,391,12,,,,,,,,,,
18,29,401,1,391,12,,,,,,,,,,
19,29,404,1,391,18,,,,,,,,,,
20,29,402,1,391,12,,,,,,,,,,
21,29,778,1,391,18,,,,,,,,,,
22,29,481,1,391,12,,,,,,,,,,
23,29,482,1,391,12,,,,,,,,,,
24,29,993,1,391,12,,,,,,,,,,
25,29,524,1,366,30,221,1,,,,,,,,
26,23,353,1,351,1,,,,,,,,,,
27,37,1976,20,170,20,999,1,,,,,,,,
28,37,1976,1,2677,4,,,,,,,,,,
29,37,1976,1,2678,4,,,,,,,,,,
30,37,2677,4,1976,1,,,,,,,,,,
31,36,3251,1,1249,1,158,1,,,,,,,,
32,37,1970,20,170,20,181,1,,,,,,,,
33,37,1970,1,2679,4,,,,,,,,,,
34,37,1970,1,2680,4,,,,,,,,,,
35,37,2679,4,1970,1,,,,,,,,,,
36,22,1236,1,181,15,,,,,,,,,,
37,26,1282,1,262,1,181,10,,,,,,,,
38,22,739,1,20,10,181,8,,,,,,,,
39,34,2344,1,126,1,2313,1,314,1,,,,,,
40,29,493,1,520,25,575,20,320,10,,,,,,
41,36,1612,1,901,1,902,1,903,1,904,1,888,1,,
42,36,1613,1,397,1,1612,1,,,,,,,,
43,37,252,1,259,15,,,,,,,,,,
44,37,253,1,259,15,,,,,,,,,,
45,34,303,1,126,1,313,1,38,1,,,,,,
46,36,3061,1,2214,1,2215,1,2216,1,2217,1,,,,
47,36,1861,1,1860,1,950,1,,,,,,,,
48,36,901,1,886,1,892,1,,,,,,,,
49,37,360,1,3,100,,,,,,,,,,
50,4,775,1,3,2,23,1,,,,,,,,
51,36,935,1,548,5,549,5,547,5,491,1,,,,
52,36,935,1,548,5,549,5,547,5,489,1,,,,
53,36,935,1,548,5,549,5,547,5,2998,1,,,,
54,36,935,1,548,5,549,5,547,5,490,1,,,,
55,30,1714,1,9,8,,,,,,,,,,
56,30,1715,1,9,14,,,,,,,,,,
57,30,1706,1,9,4,,,,,,,,,,
58,30,343,1,22,1,9,9,,,,,,,,
59,30,343,1,704,1,9,9,,,,,,,,
60,29,1165,1,1520,1,575,20,,,,,,,,
61,22,336,1,22,14,,,,,,,,,,
62,22,336,1,704,14,,,,,,,,,,
63,34,300,1,126,1,316,1,68,1,,,,,,
64,34,300,1,126,1,316,1,1330,1,,,,,,
65,30,224,1,9,15,225,5,,,,,,,,
66,22,2362,1,2431,12,,,,,,,,,,
67,36,1247,1,1132,1,532,1,,,,,,,,
68,22,2363,1,2431,10,,,,,,,,,,
69,22,2361,1,2431,8,,,,,,,,,,
70,29,1515,1,1521,1,575,20,,,,,,,,
71,29,2199,1,2218,4,1316,1,,,,,,,,
72,29,2202,1,2218,6,1318,1,,,,,,,,
73,29,2200,1,2218,8,1317,1,,,,,,,,
74,29,2201,1,2218,8,1317,1,,,,,,,,
75,29,2280,1,2218,8,575,20,,,,,,,,
76,30,335,1,9,8,,,,,,,,,,
77,7,2166,1,2208,1,2015,1,,,,,,,,
78,12,1050,1,1119,1,,,,,,,,,,
79,7,2187,1,2208,1,2156,1,,,,,,,,
80,30,2114,1,9,12,22,3,,,,,,,,
81,30,2114,1,9,12,704,3,,,,,,,,
82,22,190,1,331,12,209,15,,,,,,,,
83,36,1163,1,987,1,159,1,,,,,,,,
84,22,795,1,1257,10,,,,,,,,,,
85,22,799,1,1257,10,,,,,,,,,,
86,11,1331,1,1330,15,2886,30,,,,,,,,
87,12,1027,1,1015,1,1050,1,,,,,,,,
88,12,1059,1,1015,1,1037,1,,,,,,,,
89,26,339,1,225,3,,,,,,,,,,
90,37,2614,1,134,8,22,2,,,,,,,,
91,37,2614,1,134,8,704,2,,,,,,,,
92,12,1015,1,1111,1,,,,,,,,,,
93,37,2264,4,2260,1,,,,,,,,,,
94,12,1036,1,1035,1,1050,1,,,,,,,,
95,12,1035,1,1013,1,1014,1,1015,1,,,,,,
96,36,1250,1,399,1,158,1,,,,,,,,
97,7,2167,1,2208,1,2016,1,,,,,,,,
98,7,2439,1,126,1,,1,,,,,,,,
99,22,198,1,117,20,177,10,,,,,,,,
100,22,3764,1,198,1,502,50,,,,,,,,
101,37,1269,20,392,20,177,1,,,,,,,,
102,7,427,3,8,3,177,1,,,,,,,,
103,37,154,1,768,4,,,,,,,,,,
104,5,2128,1,154,14,,,,,,,,,,
105,5,2140,1,154,15,225,5,,,,,,,,
106,37,768,4,154,1,,,,,,,,,,
107,5,2138,1,154,20,149,10,,,,,,,,
108,5,2152,1,154,5,8,3,,,,,,,,
109,5,808,1,154,4,,,,,,,,,,
110,5,2144,1,154,4,8,4,85,1,,,,,,
111,5,2615,1,154,8,22,2,,,,,,,,
112,5,2615,1,154,8,704,2,,,,,,,,
113,5,2591,1,154,10,170,6,22,3,,,,,,
114,5,2591,1,154,10,170,6,704,3,,,,,,
115,5,820,1,154,6,,,,,,,,,,
116,5,2391,1,154,16,,,,,,,,,,
117,5,2134,1,154,3,8,1,,,,,,,,
118,5,2381,1,154,19,149,1,,,,,,,,
119,5,2407,1,154,5,225,2,,,,,,,,
120,5,827,1,154,8,,,,,,,,,,
121,29,786,1,1517,1,575,20,,,,,,,,
122,7,811,1,154,10,,,,,,,,,,
123,30,354,1,9,20,149,10,,,,,,,,
124,37,2503,1,2507,4,,,,,,,,,,
125,37,2503,1,2505,4,,,,,,,,,,
126,30,2552,1,2503,14,22,2,,,,,,,,
127,30,2552,1,2503,14,704,2,,,,,,,,
128,30,2553,1,2503,15,225,5,,,,,,,,
129,30,2554,1,2503,20,149,10,,,,,,,,
130,37,2747,1,2503,10,,,,,,,,,,
131,37,2510,1,2503,30,,,,,,,,,,
132,37,2555,1,2503,5,974,3,,,,,,,,
133,37,2556,1,2503,4,974,1,,,,,,,,
134,37,2557,1,2503,4,,,,,,,,,,
135,22,2558,1,2503,4,974,4,85,1,,,,,,
136,37,2559,1,2503,8,22,2,,,,,,,,
137,37,2559,1,2503,8,704,2,,,,,,,,
138,30,2560,1,22,3,170,6,2503,10,,,,,,
139,30,2560,1,704,3,170,6,2503,10,,,,,,
140,37,2561,1,2503,6,,,,,,,,,,
141,30,2562,1,2503,16,,,,,,,,,,
142,37,2507,4,2503,1,,,,,,,,,,
143,37,2511,1,2503,25,,,,,,,,,,
144,37,2746,1,2503,8,,,,,,,,,,
145,37,2509,1,2503,20,,,,,,,,,,
146,37,2563,1,2503,3,974,1,,,,,,,,
147,37,2564,1,2503,6,974,1,,,,,,,,
148,30,2565,1,154,4,2503,15,149,1,,,,,,
149,7,2566,1,2503,1,,,,,,,,,,
150,37,858,1,2503,5,225,2,,,,,,,,
151,37,2745,1,2503,7,,,,,,,,,,
152,37,677,1,2503,8,,,,,,,,,,
153,37,2505,4,2503,1,,,,,,,,,,
154,7,673,1,2503,10,,,,,,,,,,
155,14,31,2,170,1,,,,,,,,,,
156,18,1134,1,31,1,,,,,,,,,,
157,36,540,1,3,6,,,,,,,,,,
158,7,3115,1,3111,1,166,1,,,,,,,,
159,7,3547,1,3111,1,167,1,,,,,,,,
160,7,3112,5,23,1,282,5,,,,,,,,
161,7,3116,2,3111,1,168,2,,,,,,,,
162,14,356,1,133,2,,,,,,,,,,
163,9,357,1,356,1,261,1,5,1,,,,,,
164,12,1046,1,1015,1,1037,1,,,,,,,,
165,12,1044,1,1013,1,1037,1,,,,,,,,
166,12,1042,1,1011,1,1037,1,,,,,,,,
167,12,1041,1,1010,1,1037,1,,,,,,,,
168,12,1039,1,1008,1,1037,1,,,,,,,,
169,12,1049,1,1018,1,1037,1,,,,,,,,
170,12,1047,1,1016,1,1037,1,,,,,,,,
171,12,1038,1,1007,1,1037,1,,,,,,,,
172,12,1045,1,1014,1,1037,1,,,,,,,,
173,12,1043,1,1012,1,1037,1,,,,,,,,
174,12,1048,1,1017,1,1037,1,,,,,,,,
175,12,1040,1,1009,1,1037,1,,,,,,,,
176,14,1591,1,1105,1,3,1,,,,,,,,
177,37,1591,1,1592,4,,,,,,,,,,
178,37,1592,4,1591,1,,,,,,,,,,
179,34,2325,1,126,1,315,1,314,1,2358,1,,,,
180,36,1164,1,399,1,1163,1,983,1,,,,,,
181,7,2162,1,2208,1,2019,1,,,,,,,,
182,29,749,1,1611,1,575,20,,,,,,,,
183,37,276,1,750,4,,,,,,,,,,
184,37,2072,1,276,14,22,2,,,,,,,,
185,37,2072,1,276,14,704,2,,,,,,,,
186,37,2066,1,276,15,225,5,,,,,,,,
187,37,2020,1,276,20,149,10,,,,,,,,
188,37,895,1,276,30,,,,,,,,,,
189,37,2092,1,276,5,8,3,,,,,,,,
190,37,2045,1,276,4,8,1,,,,,,,,
191,37,807,1,276,4,,,,,,,,,,
192,37,2055,1,276,4,8,4,85,1,,,,,,
193,37,2616,1,276,8,22,2,,,,,,,,
194,37,2616,1,276,8,704,2,,,,,,,,
195,37,2592,1,22,3,170,6,276,10,,,,,,
196,37,2592,1,704,3,170,6,276,10,,,,,,
197,37,816,1,276,6,,,,,,,,,,
198,30,2392,1,276,16,,,,,,,,,,
199,37,894,1,276,20,,,,,,,,,,
200,37,2082,1,276,3,8,1,,,,,,,,
201,37,2032,1,276,6,8,1,,,,,,,,
202,37,896,1,276,25,,,,,,,,,,
203,37,2382,1,154,4,276,15,149,1,,,,,,
204,37,882,1,276,15,,,,,,,,,,
205,7,2744,1,276,1,,,,,,,,,,
206,37,2408,1,276,5,225,2,,,,,,,,
207,37,881,1,276,10,,,,,,,,,,
208,37,2743,1,276,8,,,,,,,,,,
209,37,750,4,276,1,,,,,,,,,,
210,7,812,1,276,10,,,,,,,,,,
211,34,2324,1,126,1,2304,1,313,1,,,,,,
212,7,966,1,9,20,8,5,,,,,,,,
213,37,349,1,19,5,8,3,,,,,,,,
214,37,105,1,19,1,8,1,,,,,,,,
215,37,586,1,587,4,,,,,,,,,,
216,37,587,4,586,1,,,,,,,,,,
217,7,2168,1,2208,1,2017,1,,,,,,,,
218,30,2115,1,9,12,22,3,,,,,,,,
219,30,2115,1,9,12,704,3,,,,,,,,
220,36,2221,1,2219,1,1595,1,,,,,,,,
221,36,2220,1,935,1,2219,1,,,,,,,,
222,36,3110,1,1865,1,861,1,,,,,,,,
223,2,3601,1,3457,20,3458,20,3459,20,3456,20,,,,
224,36,1865,1,899,1,900,1,,,,,,,,
225,36,3124,1,3123,1,3199,1,,,,,,,,
226,36,3124,1,3123,1,50,1,,,,,,,,
227,22,85,10,22,1,,,,,,,,,,
228,22,85,10,704,1,,,,,,,,,,
229,36,860,1,49,1,535,1,,,,,,,,
230,37,48,1,9,8,22,2,,,,,,,,
231,37,48,1,9,8,704,2,,,,,,,,
232,37,344,1,225,5,8,1,,,,,,,,
233,29,1235,50,1006,1,,,,,,,,,,
234,1,1006,1,947,6,,,,,,,,,,
235,29,1179,70,97,70,1006,1,,,,,,,,
236,29,1232,1,1006,18,,,,,,,,,,
237,29,1226,1,1006,12,,,,,,,,,,
238,29,1231,1,1006,18,,,,,,,,,,
239,29,1233,1,1006,18,,,,,,,,,,
240,29,1005,1,1006,18,,,,,,,,,,
241,29,1003,1,1006,12,,,,,,,,,,
242,29,1002,1,1006,12,,,,,,,,,,
243,29,1262,1,1006,18,,,,,,,,,,
244,29,1001,1,1006,12,,,,,,,,,,
245,29,1228,1,1006,12,,,,,,,,,,
246,29,1230,1,1006,18,,,,,,,,,,
247,29,1004,1,1006,24,,,,,,,,,,
248,29,1227,1,1006,12,,,,,,,,,,
249,29,1229,1,1006,12,,,,,,,,,,
250,29,1234,1,1006,18,,,,,,,,,,
251,14,222,1,133,6,,,,,,,,,,
252,36,399,1,53,1,159,1,,,,,,,,
253,14,381,1,364,3,,,,,,,,,,
254,22,374,1,381,20,,,,,,,,,,
255,14,415,1,364,1,3,1,,,,,,,,
256,37,415,1,420,4,,,,,,,,,,
257,37,420,4,415,1,,,,,,,,,,
258,22,383,1,381,10,,,,,,,,,,
259,22,385,1,381,15,,,,,,,,,,
260,22,371,1,381,10,,,,,,,,,,
261,22,372,1,381,10,,,,,,,,,,
262,22,375,1,381,15,,,,,,,,,,
263,22,373,1,381,10,,,,,,,,,,
264,22,537,1,381,10,,,,,,,,,,
265,22,776,1,381,15,,,,,,,,,,
266,22,435,1,381,10,,,,,,,,,,
267,22,483,1,381,10,,,,,,,,,,
268,22,991,1,381,10,,,,,,,,,,
269,10,2695,1,1345,1,170,1,,,,,,,,
270,37,2695,1,2696,4,,,,,,,,,,
271,37,2696,4,2695,1,,,,,,,,,,
272,9,2425,1,2299,1,,,,,,,,,,
273,9,2425,1,2290,1,,,,,,,,,,
274,9,2425,1,2301,1,,,,,,,,,,
275,9,2425,1,2298,1,,,,,,,,,,
276,9,2425,1,2297,1,,,,,,,,,,
277,9,2425,1,2300,1,,,,,,,,,,
278,8,969,1,968,1,,,,,,,,,,
279,9,2426,1,2316,1,,,,,,,,,,
280,22,345,1,22,10,9,2,,,,,,,,
281,22,345,1,704,10,9,2,,,,,,,,
282,22,3506,1,20,9,9,3,,,,,,,,
283,14,20,1,12,3,,,,,,,,,,
284,22,3504,1,20,7,,,,,,,,,,
285,14,145,1,3,1,12,1,,,,,,,,
286,37,145,1,146,4,,,,,,,,,,
287,37,146,4,145,1,,,,,,,,,,
288,22,3508,1,20,8,,,,,,,,,,
289,22,80,1,20,25,,,,,,,,,,
290,22,106,1,20,4,8,4,85,1,,,,,,
291,7,71,100,72,1,,,,,,,,,,
292,22,76,1,20,20,,,,,,,,,,
293,22,3505,1,20,10,9,3,,,,,,,,
294,22,89,1,20,15,,,,,,,,,,
295,22,3509,1,20,12,9,4,,,,,,,,
296,16,2173,1,3,1,12,1,,,,,,,,
297,37,2432,4,2173,1,,,,,,,,,,
298,22,3507,1,20,7,,,,,,,,,,
299,35,15,1,20,10,85,1,,,,,,,,
300,7,1534,1,1804,1,1141,1,547,5,548,5,549,5,,
301,36,904,1,890,1,891,1,,,,,,,,
302,34,2356,1,126,1,999,1,316,1,314,1,,,,
303,22,794,1,1257,20,1329,15,,,,,,,,
304,22,792,1,1257,15,1329,10,,,,,,,,
305,7,1535,1,1805,1,1141,1,547,5,548,5,549,5,,
306,22,793,1,1257,25,1329,20,,,,,,,,
307,14,1257,1,880,4,,,,,,,,,,
308,29,515,50,97,50,502,1,,,,,,,,
309,6,518,1,502,20,520,15,531,1,,,,,,
310,29,545,15,40,15,522,1,,,,,,,,
311,29,546,50,97,50,522,1,,,,,,,,
312,6,519,1,522,20,521,15,531,1,,,,,,
313,7,523,33,8,33,522,1,,,,,,,,
314,12,1025,1,1013,1,1050,1,,,,,,,,
315,12,1057,1,1013,1,1037,1,,,,,,,,
316,12,1013,1,1116,1,,,,,,,,,,
317,12,1069,1,1012,1,1013,1,1014,1,,,,,,
318,34,2329,1,126,1,2358,1,150,10,,,,,,
319,29,389,1,520,7,521,7,527,1,528,1,,,,
320,2,3543,1,3458,18,,,,,,,,,,
321,22,798,1,1257,12,1329,6,,,,,,,,
322,12,1093,1,1081,2,,,,,,,,,,
323,12,1091,1,1079,2,,,,,,,,,,
324,12,1089,1,1077,2,,,,,,,,,,
325,12,1088,1,1076,2,,,,,,,,,,
326,12,1086,1,1074,2,,,,,,,,,,
327,12,1096,1,1084,2,,,,,,,,,,
328,12,1094,1,1082,2,,,,,,,,,,
329,12,1085,1,1073,2,,,,,,,,,,
330,12,1092,1,1080,2,,,,,,,,,,
331,12,1090,1,1078,2,,,,,,,,,,
332,12,1095,1,1083,2,,,,,,,,,,
333,12,1087,1,1075,2,,,,,,,,,,
334,22,44,1,57,8,,,,,,,,,,
335,29,492,1,521,25,575,20,320,10,,,,,,
336,14,57,1,56,4,,,,,,,,,,
337,14,577,5,61,5,56,1,,,,,,,,
338,37,577,1,606,4,,,,,,,,,,
339,37,606,4,577,1,,,,,,,,,,
340,36,1301,1,935,1,1248,1,,,,,,,,
341,37,1975,20,170,20,182,1,,,,,,,,
342,37,1975,1,2681,4,,,,,,,,,,
343,37,1975,1,2682,4,,,,,,,,,,
344,37,2681,4,1975,1,,,,,,,,,,
345,22,1241,1,182,15,,,,,,,,,,
346,26,1287,1,262,1,182,10,,,,,,,,
347,22,744,1,706,10,182,8,,,,,,,,
348,37,2,1,30,4,,,,,,,,,,
349,37,30,4,2,1,,,,,,,,,,
350,36,394,1,187,1,268,1,,,,,,,,
351,29,579,1,1225,18,548,1,549,1,547,1,,,,
352,30,334,1,9,16,,,,,,,,,,
353,7,2165,1,2208,1,2123,1,,,,,,,,
354,30,2232,1,2260,14,22,2,,,,,,,,
355,30,2232,1,2260,14,704,2,,,,,,,,
356,30,2231,1,2260,15,225,5,,,,,,,,
357,30,2233,1,2260,20,149,10,,,,,,,,
358,37,2235,1,2260,2,,,,,,,,,,
359,37,2236,1,2260,4,8,1,,,,,,,,
360,37,2228,1,2260,4,,,,,,,,,,
361,37,2230,1,2260,8,22,2,,,,,,,,
362,37,2230,1,2260,8,704,2,,,,,,,,
363,30,2237,1,22,3,170,6,2260,10,,,,,,
364,30,2237,1,704,3,170,6,2260,10,,,,,,
365,37,2234,1,2260,2,,,,,,,,,,
366,37,2265,1,2260,6,,,,,,,,,,
367,37,2225,1,8,1,2260,3,,,,,,,,
368,37,2226,1,2260,6,8,1,,,,,,,,
369,37,2259,1,2260,8,,,,,,,,,,
370,7,2229,1,2260,10,,,,,,,,,,
371,14,609,1,61,2,,,,,,,,,,
372,37,609,1,610,4,,,,,,,,,,
373,37,610,4,609,1,,,,,,,,,,
374,37,619,1,2210,4,,,,,,,,,,
375,37,619,1,622,4,,,,,,,,,,
376,30,2073,1,619,14,22,2,,,,,,,,
377,30,2073,1,619,14,704,2,,,,,,,,
378,30,644,1,619,15,225,5,,,,,,,,
379,30,2021,1,619,20,149,10,,,,,,,,
380,37,655,1,619,10,,,,,,,,,,
381,37,731,1,619,30,,,,,,,,,,
382,37,2093,1,619,5,8,3,,,,,,,,
383,37,2046,1,619,4,8,1,,,,,,,,
384,37,628,1,619,4,,,,,,,,,,
385,22,2056,1,619,4,8,4,85,1,,,,,,
386,37,625,1,619,8,22,2,,,,,,,,
387,37,625,1,619,8,704,2,,,,,,,,
388,30,2593,1,22,3,170,6,619,10,,,,,,
389,30,2593,1,704,3,170,6,619,10,,,,,,
390,37,650,1,619,6,,,,,,,,,,
391,30,647,1,619,16,,,,,,,,,,
392,37,2210,4,619,1,,,,,,,,,,
393,37,732,1,619,25,,,,,,,,,,
394,37,654,1,619,8,,,,,,,,,,
395,37,730,1,619,20,,,,,,,,,,
396,37,2083,1,619,3,8,1,,,,,,,,
397,37,2033,1,619,6,8,1,,,,,,,,
398,30,641,1,154,4,619,15,149,1,,,,,,
399,7,631,1,9,1,,,,,,,,,,
400,37,2398,1,619,5,225,2,,,,,,,,
401,37,653,1,619,7,,,,,,,,,,
402,37,638,1,619,8,,,,,,,,,,
403,37,622,4,619,1,,,,,,,,,,
404,7,635,1,619,10,,,,,,,,,,
405,37,1973,20,170,20,179,1,,,,,,,,
406,37,1973,1,2683,4,,,,,,,,,,
407,37,1973,1,2684,4,,,,,,,,,,
408,37,2683,4,1973,1,,,,,,,,,,
409,22,1239,1,179,15,,,,,,,,,,
410,26,1285,1,262,1,179,10,,,,,,,,
411,22,742,1,705,10,179,8,,,,,,,,
412,22,205,1,22,3,,,,,,,,,,
413,22,205,1,704,3,,,,,,,,,,
414,10,3104,1,97,3996,,,,,,,,,,
415,10,3103,1,40,3996,,,,,,,,,,
416,34,2346,1,126,1,2303,1,315,1,,,,,,
417,29,368,1,1225,12,,,,,,,,,,
418,37,1351,50,1432,50,1347,1,,,,,,,,
419,7,1338,1,167,1,2019,1,,,,,,,,
420,7,580,1,167,3,530,1,,,,,,,,
421,29,425,1,501,80,549,20,520,12,507,1,,,,
422,29,761,1,501,100,575,20,,,,,,,,
423,36,1863,1,1724,1,159,1,,,,,,,,
424,36,1724,1,53,1,215,1,,,,,,,,
425,34,295,1,126,1,315,1,313,1,320,1,,,,
426,22,121,1,175,20,,,,,,,,,,
427,36,1343,1,1322,1,936,1,,,,,,,,
428,7,1993,1,31,1,1992,1,,,,,,,,
429,37,250,1,261,2,126,1,,,,,,,,
430,36,3036,1,3120,1,3037,1,3096,1,,,,,,
431,22,2293,1,57,8,,,,,,,,,,
432,34,2354,1,126,1,1127,1,317,1,,,,,,
433,22,119,1,55,1,175,15,,,,,,,,
434,12,1032,1,1031,1,1050,1,,,,,,,,
435,12,1031,1,1007,1,1008,1,1009,1,,,,,,
436,29,821,1,1518,1,575,20,,,,,,,,
437,29,506,1,22,20,547,20,324,1,,,,,,
438,7,41,5,40,5,8,1,,,,,,,,
439,21,1353,1,126,1,522,2,,,,,,,,
440,21,1354,1,126,1,174,3,,,,,,,,
441,21,1355,1,126,1,1348,5,,,,,,,,
442,21,1356,1,126,1,1332,2,,,,,,,,
443,21,1357,1,126,1,1346,5,,,,,,,,
444,21,1358,1,126,1,1345,5,,,,,,,,
445,21,1359,1,126,1,209,1,,,,,,,,
446,21,1340,1,126,1,1339,5,,,,,,,,
447,12,2074,1,763,14,,,,,,,,,,
448,12,2067,1,763,15,225,5,,,,,,,,
449,27,763,1,836,2,,,,,,,,,,
450,37,763,1,770,4,,,,,,,,,,
451,37,770,4,763,1,,,,,,,,,,
452,13,2022,1,763,20,149,10,,,,,,,,
453,13,2094,1,763,5,8,3,,,,,,,,
454,13,2047,1,763,4,8,1,,,,,,,,
455,13,809,1,763,4,,,,,,,,,,
456,13,2057,1,763,4,8,4,85,1,,,,,,
457,13,2617,1,763,8,22,2,,,,,,,,
458,13,2617,1,763,8,704,2,,,,,,,,
459,13,2598,1,763,10,170,6,22,3,,,,,,
460,13,2598,1,763,10,170,6,704,3,,,,,,
461,13,817,1,763,6,,,,,,,,,,
462,13,2640,1,763,16,,,,,,,,,,
463,22,797,1,1257,10,1329,5,,,,,,,,
464,13,2084,1,763,3,8,1,,,,,,,,
465,13,2034,1,763,6,8,1,,,,,,,,
466,13,2246,1,763,15,154,4,149,1,,,,,,
467,13,2634,1,763,5,225,2,,,,,,,,
468,13,828,1,763,8,,,,,,,,,,
469,13,813,1,763,10,,,,,,,,,,
470,22,2421,1,1257,8,,,,,,,,,,
471,34,2327,1,126,1,2358,1,317,1,,,,,,
472,7,2190,1,2208,1,2121,1,,,,,,,,
473,29,685,1,1225,20,2161,1,,,,,,,,
474,29,684,1,1225,10,2161,1,,,,,,,,
475,29,686,1,1225,16,2161,1,,,,,,,,
476,7,988,3,40,3,974,1,,,,,,,,
477,36,1862,1,898,1,950,1,,,,,,,,
478,20,2076,1,664,14,,,,,,,,,,
479,20,2068,1,664,15,225,5,,,,,,,,
480,20,2031,1,664,20,149,10,,,,,,,,
481,20,2100,1,664,5,974,3,,,,,,,,
482,20,2049,1,664,4,974,1,,,,,,,,
483,20,2288,1,664,4,,,,,,,,,,
484,20,2059,1,664,4,974,4,85,1,,,,,,
485,20,2594,1,664,10,170,6,22,3,,,,,,
486,20,2594,1,664,10,170,6,704,3,,,,,,
487,20,2044,1,664,6,,,,,,,,,,
488,7,1537,1,1807,1,1141,1,547,5,548,5,549,5,,
489,20,2086,1,664,3,974,1,,,,,,,,
490,20,2040,1,664,6,974,1,,,,,,,,
491,20,2247,1,664,15,154,4,149,1,,,,,,
492,32,767,1,762,1,664,1,,,,,,,,
493,20,2635,1,664,5,225,2,,,,,,,,
494,20,2248,1,664,8,,,,,,,,,,
495,29,822,1,1519,1,575,20,,,,,,,,
496,7,2252,1,664,10,,,,,,,,,,
497,20,2252,1,664,10,,,,,,,,,,
498,37,33,1,9,4,3,20,8,3,,,,,,
499,29,823,1,1508,10,575,20,,,,,,,,
500,34,291,1,126,1,275,1,317,1,,,,,,
501,14,170,1,1246,2,,,,,,,,,,
502,14,170,1,370,2,,,,,,,,,,
503,14,170,1,408,2,,,,,,,,,,
504,14,170,1,169,2,,,,,,,,,,
505,37,170,1,392,4,,,,,,,,,,
506,15,2075,1,170,14,,,,,,,,,,
507,15,1719,1,170,15,225,5,,,,,,,,
508,15,2025,1,170,20,149,10,,,,,,,,
509,14,2243,2,170,1,,,,,,,,,,
510,15,2097,1,170,5,8,3,,,,,,,,
511,15,2048,1,170,4,8,1,,,,,,,,
512,15,1703,1,170,4,,,,,,,,,,
513,15,2065,1,170,4,8,4,85,1,,,,,,
514,15,2748,1,170,8,22,2,,,,,,,,
515,15,2748,1,170,8,704,2,,,,,,,,
516,15,2239,1,170,16,22,3,,,,,,,,
517,15,2239,1,170,16,704,3,,,,,,,,
518,15,2239,1,170,18,,,,,,,,,,
519,15,1709,1,170,6,,,,,,,,,,
520,15,2639,1,170,16,,,,,,,,,,
521,15,2085,1,170,3,8,1,,,,,,,,
522,15,2037,1,170,6,8,1,,,,,,,,
523,15,2254,1,170,15,154,4,149,1,,,,,,
524,7,1702,1,170,1,,,,,,,,,,
525,15,2414,1,170,5,225,2,,,,,,,,
526,15,1713,1,170,8,,,,,,,,,,
527,37,392,4,170,1,,,,,,,,,,
528,15,2632,1,170,10,,,,,,,,,,
529,37,183,1,764,4,,,,,,,,,,
530,7,2175,1,2208,1,2007,1,,,,,,,,
531,26,361,1,362,10,9,5,,,,,,,,
532,36,3121,1,3102,1,3099,1,3119,1,,,,,,
533,38,37,1,38,2,,,,,,,,,,
534,22,3518,1,19,9,9,3,,,,,,,,
535,14,19,1,13,4,,,,,,,,,,
536,22,3516,1,19,7,,,,,,,,,,
537,14,141,1,3,1,13,1,,,,,,,,
538,37,141,1,142,4,,,,,,,,,,
539,37,142,4,141,1,,,,,,,,,,
540,22,3520,1,19,8,,,,,,,,,,
541,22,83,1,19,35,,,,,,,,,,
542,22,108,1,19,4,8,4,85,1,,,,,,
543,7,73,100,74,1,,,,,,,,,,
544,7,73,1,72,100,,,,,,,,,,
545,22,264,1,19,30,178,1,,,,,,,,
546,22,79,1,19,30,,,,,,,,,,
547,22,3517,1,19,10,9,3,,,,,,,,
548,22,92,1,19,25,,,,,,,,,,
549,22,3521,1,19,12,9,4,,,,,,,,
550,22,3519,1,19,7,,,,,,,,,,
551,35,17,1,19,10,85,1,,,,,,,,
552,37,1352,50,1432,50,1348,1,,,,,,,,
553,6,1336,1,1332,20,521,15,531,1,,,,,,
554,36,395,1,17,1,18,1,393,1,,,,,,
555,36,395,1,709,1,18,1,393,1,,,,,,
556,30,359,1,22,3,170,6,9,10,,,,,,
557,30,359,1,704,3,170,6,9,10,,,,,,
558,22,84,1,85,15,,1,,,,,,,,
559,7,2741,1,2208,1,2740,1,,,,,,,,
560,34,305,1,126,1,315,1,316,1,320,1,318,1,,
561,14,129,1,3,2,,,,,,,,,,
562,37,129,1,130,4,,,,,,,,,,
563,37,130,4,129,1,,,,,,,,,,
564,14,614,1,424,1,3,10,,,,,,,,
565,37,614,1,618,4,,,,,,,,,,
566,37,618,4,614,1,,,,,,,,,,
567,34,499,3,126,3,501,3,502,1,,,,,,
568,12,1023,1,1011,1,1050,1,,,,,,,,
569,12,1055,1,1011,1,1037,1,,,,,,,,
570,26,338,1,225,3,,,,,,,,,,
571,37,591,1,592,4,,,,,,,,,,
572,37,592,4,591,1,,,,,,,,,,
573,37,2612,1,137,8,22,2,,,,,,,,
574,37,2612,1,137,8,704,2,,,,,,,,
575,12,1011,1,1108,1,,,,,,,,,,
576,12,1034,1,1033,1,1050,1,,,,,,,,
577,12,1033,1,1009,1,1010,1,1011,1,,,,,,
578,36,3250,1,1863,1,158,1,,,,,,,,
579,7,2440,1,126,1,,1,,,,,,,,
580,22,200,1,117,20,179,10,,,,,,,,
581,22,3766,1,200,1,502,50,,,,,,,,
582,37,1270,20,392,20,179,1,,,,,,,,
583,14,613,1,424,1,255,1,133,10,,,,,,
584,37,613,1,617,4,,,,,,,,,,
585,37,617,4,613,1,,,,,,,,,,
586,26,255,1,195,3,,,,,,,,,,
587,7,429,3,8,3,179,1,,,,,,,,
588,29,550,1,1225,12,,,,,,,,,,
589,29,552,1,1225,18,,,,,,,,,,
590,29,558,1,1225,12,,,,,,,,,,
591,29,553,1,1225,12,,,,,,,,,,
592,7,1536,1,1806,1,1141,1,547,5,548,5,549,5,,
593,29,559,1,1225,12,,,,,,,,,,
594,29,551,1,1225,24,,,,,,,,,,
595,29,578,1,1225,12,,,,,,,,,,
596,37,1808,1,1725,4,8,1,,,,,,,,
597,29,785,1,1516,1,575,20,,,,,,,,
598,37,1727,1,1728,4,,,,,,,,,,
599,37,1728,4,1727,1,,,,,,,,,,
600,34,188,1,28,2,183,1,,,,,,,,
601,7,1859,1,85,4,29,1,,,,,,,,
602,34,2323,1,126,1,2305,1,313,1,,,,,,
603,22,2172,1,22,8,9,12,,,,,,,,
604,22,2172,1,704,8,9,12,,,,,,,,
605,22,265,10,40,10,8,5,175,1,,,,,,
606,17,175,1,174,3,173,1,,,,,,,,
607,14,214,1,3,1,174,1,,,,,,,,
608,30,2116,1,9,12,22,3,,,,,,,,
609,30,2116,1,9,12,704,3,,,,,,,,
610,26,247,1,225,20,255,3,,,,,,,,
611,26,249,1,225,20,255,3,,,,,,,,
612,26,248,1,225,20,255,3,,,,,,,,
613,37,1302,50,1432,50,1344,1,,,,,,,,
614,29,516,45,40,45,501,6,526,1,,,,,,
615,7,422,5,501,5,126,1,369,1,,,,,,
616,36,1249,1,1132,1,159,1,,,,,,,,
617,19,2124,1,1125,14,,,,,,,,,,
618,19,1721,1,1125,15,225,5,,,,,,,,
619,19,2023,1,1125,20,149,10,,,,,,,,
620,19,2095,1,1125,5,8,3,,,,,,,,
621,19,2648,1,1125,4,8,1,,,,,,,,
622,19,1707,1,1125,4,,,,,,,,,,
623,19,2058,1,1125,4,8,4,85,1,,,,,,
624,19,2249,1,1125,8,22,2,,,,,,,,
625,19,2249,1,1125,8,704,2,,,,,,,,
626,19,2240,1,22,3,170,6,1125,10,,,,,,
627,19,2240,1,704,3,170,6,1125,10,,,,,,
628,19,2257,1,1125,1,,,,,,,,,,
629,19,1711,1,1125,6,,,,,,,,,,
630,19,2395,1,1125,16,,,,,,,,,,
631,19,2129,1,8,1,1125,3,,,,,,,,
632,19,2035,1,1125,6,8,1,,,,,,,,
633,19,2255,1,154,4,1125,15,149,1,,,,,,
634,19,2411,1,1125,5,225,2,,,,,,,,
635,19,1717,1,1125,8,,,,,,,,,,
636,7,2251,1,1125,10,,,,,,,,,,
637,19,2251,1,1125,10,,,,,,,,,,
638,10,2787,1,170,1,,,,,,,,,,
639,22,2364,1,2431,14,,,,,,,,,,
640,34,304,1,126,1,315,1,313,1,319,1,,,,
641,37,883,1,664,2,,,,,,,,,,
642,37,883,1,884,4,,,,,,,,,,
643,37,884,4,883,1,,,,,,,,,,
644,7,974,3,8,3,664,1,,,,,,,,
645,29,1334,15,40,15,1332,1,,,,,,,,
646,29,1335,50,97,50,1332,1,,,,,,,,
647,7,1333,33,8,33,1332,1,,,,,,,,
648,22,2365,1,175,17,,,,,,,,,,
649,7,512,1,26,4,530,1,,,,,,,,
650,34,2348,1,126,1,2312,1,2315,2,318,1,,,,
651,22,581,1,22,10,530,2,,,,,,,,
652,22,581,1,704,10,530,2,,,,,,,,
653,12,1065,1,1035,2,,,,,,,,,,
654,12,1063,1,1031,2,,,,,,,,,,
655,12,1064,1,1033,2,,,,,,,,,,
656,12,1067,1,1066,2,,,,,,,,,,
657,34,297,1,126,1,315,1,314,1,,,,,,
658,14,413,1,172,1,3,1,,,,,,,,
659,37,413,1,418,4,,,,,,,,,,
660,37,418,4,413,1,,,,,,,,,,
661,22,10,1,22,9,9,3,,,,,,,,
662,14,22,1,11,3,,,,,,,,,,
663,22,22,1,2333,4,,,,,,,,,,
664,22,99,1,22,7,,,,,,,,,,
665,22,4,1,22,8,,,,,,,,,,
666,22,81,1,22,30,,,,,,,,,,
667,22,1140,1,22,4,,,,,,,,,,
668,22,2333,4,22,1,,,,,,,,,,
669,22,77,1,22,25,,,,,,,,,,
670,22,7,1,22,10,9,3,,,,,,,,
671,22,90,1,22,20,,,,,,,,,,
672,22,1,1,22,12,9,3,,,,,,,,
673,22,6,1,22,7,,,,,,,,,,
674,37,35,1,22,5,,,,,,,,,,
675,34,292,1,126,1,313,1,11,1,,,,,,
676,34,292,1,126,1,313,1,700,1,,,,,,
677,22,185,1,331,12,210,3,,,,,,,,
678,37,1813,1,1725,6,8,1,,,,,,,,
679,37,1812,1,1725,12,8,4,,,,,,,,
680,36,1860,1,394,1,1303,1,,,,,,,,
681,7,51,10,40,10,75,1,,,,,,,,
682,7,2185,1,31,1,2001,1,,,,,,,,
683,22,228,1,331,8,,,,,,,,,,
684,7,1533,1,1803,1,1141,1,547,5,548,5,549,5,,
685,22,230,1,331,8,210,2,,,,,,,,
686,22,229,1,331,16,209,12,,,,,,,,
687,30,352,1,9,14,,,,,,,,,,
688,22,341,1,22,3,170,2,8,1,,,,,,
689,22,341,1,704,3,170,2,8,1,,,,,,
690,22,1522,1,181,15,,,,,,,,,,
691,22,1527,1,182,15,,,,,,,,,,
692,37,2227,1,2260,5,8,3,,,,,,,,
693,37,2224,1,2260,4,8,4,,,,,,,,
694,22,1525,1,179,15,,,,,,,,,,
695,22,1526,1,178,15,,,,,,,,,,
696,22,1524,1,177,15,,,,,,,,,,
697,22,1523,1,180,15,,,,,,,,,,
698,36,908,1,907,1,906,1,,,,,,,,
699,10,2694,1,170,1,,,,,,,,,,
700,37,2170,4,2694,1,,,,,,,,,,
701,37,716,1,704,5,,,,,,,,,,
702,22,3494,1,704,9,9,3,,,,,,,,
703,14,704,1,700,3,,,,,,,,,,
704,22,704,1,1448,4,,,,,,,,,,
705,22,3492,1,704,7,,,,,,,,,,
706,22,3496,1,704,8,,,,,,,,,,
707,22,691,1,704,30,,,,,,,,,,
708,22,1139,1,704,4,,,,,,,,,,
709,22,1448,4,704,1,,,,,,,,,,
710,22,692,1,704,25,,,,,,,,,,
711,22,3493,1,704,10,9,3,,,,,,,,
712,22,690,1,704,20,,,,,,,,,,
713,22,3497,1,704,12,9,3,,,,,,,,
714,22,3495,1,704,7,,,,,,,,,,
715,37,259,1,68,5,,,,,,,,,,
716,34,28,2,31,2,23,2,5,1,,,,,,
717,34,2345,1,126,1,2310,1,314,1,2358,1,317,1,,
718,29,561,1,1225,4,520,3,548,5,,,,,,
719,22,46,1,57,10,,,,,,,,,,
720,36,898,1,405,1,212,1,285,1,,,,,,
721,7,2005,1,31,1,2004,1,,,,,,,,
722,24,2079,1,1101,14,,,,,,,,,,
723,24,2069,1,1101,15,225,5,,,,,,,,
724,24,2030,1,1101,20,149,10,,,,,,,,
725,37,1101,1,1102,4,,,,,,,,,,
726,37,1102,4,1101,1,,,,,,,,,,
727,24,2101,1,1101,5,8,3,,,,,,,,
728,24,2052,1,1101,4,8,1,,,,,,,,
729,24,1143,1,1101,4,,,,,,,,,,
730,24,2062,1,1101,4,8,4,85,1,,,,,,
731,24,2595,1,1101,10,170,6,22,3,,,,,,
732,24,2595,1,1101,10,170,6,704,3,,,,,,
733,24,1137,1,1101,6,,,,,,,,,,
734,24,2396,1,1101,16,,,,,,,,,,
735,24,2089,1,1101,3,8,1,,,,,,,,
736,24,2041,1,1101,6,8,1,,,,,,,,
737,24,2385,1,1101,15,154,4,149,1,,,,,,
738,24,2416,1,1101,5,225,2,,,,,,,,
739,24,1144,1,1101,8,,,,,,,,,,
740,12,1022,1,1010,1,1050,1,,,,,,,,
741,12,1054,1,1010,1,1037,1,,,,,,,,
742,12,1010,1,1112,1,,,,,,,,,,
743,10,2751,1,2701,20,522,1,,,,,,,,
744,10,2752,1,2701,20,433,1,,,,,,,,
745,10,2753,1,2701,20,664,10,,,,,,,,
746,10,2754,1,2701,20,1332,1,,,,,,,,
747,10,2755,1,2701,20,2274,2,,,,,,,,
748,25,2126,1,9,14,,,,,,,,,,
749,25,2139,1,9,15,225,5,,,,,,,,
750,25,2135,1,9,20,149,10,,,,,,,,
751,25,2149,1,9,5,8,3,,,,,,,,
752,25,2153,1,9,4,8,1,,,,,,,,
753,25,806,1,9,4,,,,,,,,,,
754,25,2141,1,9,4,8,4,85,1,,,,,,
755,25,2596,1,9,10,22,3,170,6,,,,,,
756,25,2596,1,9,10,704,3,170,6,,,,,,
757,25,819,1,9,6,,,,,,,,,,
758,25,2131,1,9,3,8,1,,,,,,,,
759,25,2145,1,9,6,8,1,,,,,,,,
760,25,2245,1,9,15,154,4,149,1,,,,,,
761,25,2629,1,9,1,,,,,,,,,,
762,25,2636,1,9,5,225,2,,,,,,,,
763,25,829,1,9,8,,,,,,,,,,
764,25,1723,4,9,1,,,,,,,,,,
765,25,2633,1,9,10,,,,,,,,,,
766,30,332,1,9,12,,,,,,,,,,
767,34,2352,1,126,1,2307,1,2358,1,,,,,,
768,2,3568,333,3467,1,,,,,,,,,,
769,2,3467,1,3460,4,,,,,,,,,,
770,2,3567,333,3467,1,,,,,,,,,,
771,2,3572,1,3457,6,3458,6,3459,6,3456,6,,,,
772,36,1595,1,982,1,216,1,,,,,,,,
773,10,3185,1,3186,1,,,,,,,,,,
774,10,3184,1,3186,1,,,,,,,,,,
775,34,294,1,126,1,316,1,75,1,314,1,,,,
776,10,3182,1,3186,1,,,,,,,,,,
777,29,494,1,502,25,549,20,521,12,508,1,,,,
778,7,2164,1,2208,1,2122,1,,,,,,,,
779,7,109,1,75,3,,,,,,,,,,
780,36,555,1,223,1,189,1,,,,,,,,
781,34,189,1,110,2,183,1,,,,,,,,
782,36,982,1,111,1,49,1,,,,,,,,
783,34,293,1,126,1,313,1,75,1,314,1,,,,
784,30,498,1,9,20,,,,,,,,,,
785,7,968,1,967,1,9,1,,,,,,,,
786,36,984,1,976,1,977,1,963,1,,,,,,
787,29,544,1,38,3,22,5,520,6,,,,,,
788,29,544,1,38,3,704,5,520,6,,,,,,
789,36,936,1,897,1,935,1,,,,,,,,
790,29,557,1,154,30,22,5,520,5,521,5,,,,
791,29,557,1,154,30,704,5,520,5,521,5,,,,
792,29,556,1,68,6,22,5,521,6,,,,,,
793,29,556,1,68,6,704,5,521,6,,,,,,
794,29,556,1,1330,6,704,5,521,6,,,,,,
795,36,902,1,887,1,885,1,,,,,,,,
796,29,533,1,548,20,319,5,324,1,98,1,,,,
797,22,204,1,117,35,,,,,,,,,,
798,22,123,1,117,25,,,,,,,,,,
799,22,125,1,117,30,,,,,,,,,,
800,22,234,25,117,1,97,25,,,,,,,,
801,22,124,1,117,35,,,,,,,,,,
802,14,117,1,116,3,,,,,,,,,,
803,10,2697,1,1345,1,170,1,,,,,,,,
804,37,2697,1,2698,4,,,,,,,,,,
805,37,2698,4,2697,1,,,,,,,,,,
806,22,2340,50,22,1,9,1,,,,,,,,
807,34,2322,1,126,1,323,1,315,1,,,,,,
808,7,2590,5,353,5,3111,1,225,1,8,1,,,,
809,22,232,1,175,35,,,,,,,,,,
810,22,120,1,175,25,,,,,,,,,,
811,22,233,1,175,30,,,,,,,,,,
812,22,217,1,175,35,,,,,,,,,,
813,22,231,1,175,25,,,,,,,,,,
814,22,122,1,175,35,,,,,,,,,,
815,7,2178,1,31,1,1994,1,,,,,,,,
816,36,861,1,485,1,497,1,,,,,,,,
817,7,2191,1,2208,1,2003,1,,,,,,,,
818,14,414,1,176,1,3,1,,,,,,,,
819,37,414,1,419,4,,,,,,,,,,
820,37,419,4,414,1,,,,,,,,,,
821,14,351,1,170,1,,,,,,,,,,
822,37,1272,50,392,50,181,1,180,1,179,1,177,1,178,
823,30,2537,1,183,14,22,2,,,,,,,,
824,30,2537,1,183,14,704,2,,,,,,,,
825,30,2538,1,183,15,225,5,,,,,,,,
826,30,2540,1,183,20,149,10,,,,,,,,
827,37,2541,1,183,5,8,3,,,,,,,,
828,37,2542,1,183,4,8,1,,,,,,,,
829,37,810,1,183,4,,,,,,,,,,
830,22,2543,1,183,4,8,4,85,1,,,,,,
831,37,2544,1,183,8,22,2,,,,,,,,
832,37,2544,1,183,8,704,2,,,,,,,,
833,37,2599,1,22,3,170,6,183,10,,,,,,
834,37,2599,1,704,3,170,6,183,10,,,,,,
835,37,818,1,183,6,,,,,,,,,,
836,30,2545,1,183,16,,,,,,,,,,
837,37,2547,1,183,3,8,1,,,,,,,,
838,37,2546,1,183,6,8,1,,,,,,,,
839,30,2548,1,154,4,183,15,149,1,,,,,,
840,37,2413,1,183,5,225,2,,,,,,,,
841,37,2550,1,183,8,,,,,,,,,,
842,37,764,4,183,1,,,,,,,,,,
843,7,814,1,183,10,,,,,,,,,,
844,28,567,1,576,1,,,,,,,,,,
845,28,572,1,576,1,,,,,,,,,,
846,28,574,1,576,1,,,,,,,,,,
847,28,569,1,576,1,,,,,,,,,,
848,28,563,1,576,1,,,,,,,,,,
849,28,568,1,576,1,,,,,,,,,,
850,28,564,1,576,1,,,,,,,,,,
851,28,562,1,576,1,,,,,,,,,,
852,28,571,1,576,1,,,,,,,,,,
853,28,570,1,576,1,,,,,,,,,,
854,28,573,1,576,1,,,,,,,,,,
855,28,566,1,576,1,,,,,,,,,,
856,14,382,1,365,4,,,,,,,,,,
857,14,416,1,365,1,3,1,,,,,,,,
858,37,416,1,421,4,,,,,,,,,,
859,37,421,4,416,1,,,,,,,,,,
860,29,379,1,382,20,,,,,,,,,,
861,29,384,1,382,10,,,,,,,,,,
862,29,386,1,382,15,,,,,,,,,,
863,29,380,1,382,15,,,,,,,,,,
864,29,390,1,382,10,,,,,,,,,,
865,29,378,1,382,10,,,,,,,,,,
866,29,377,1,382,10,,,,,,,,,,
867,29,376,1,382,10,,,,,,,,,,
868,29,777,1,382,15,,,,,,,,,,
869,29,436,1,382,10,,,,,,,,,,
870,29,484,1,382,10,,,,,,,,,,
871,29,992,1,382,10,,,,,,,,,,
872,22,525,1,382,10,,,,,,,,,,
873,37,1350,50,1432,50,1346,1,,,,,,,,
874,29,1958,1,225,20,1508,5,547,5,,,,,,
875,2,3476,1,3457,18,,,,,,,,,,
876,2,3542,1,3457,18,,,,,,,,,,
877,2,2761,1,3457,20,3467,16,,,,,,,,
878,2,3457,1,3458,1,3456,1,3459,1,,,,,,
879,2,3575,5,3457,1,3,5,,,,,,,,
880,2,3524,1,3457,14,3467,12,,,,,,,,
881,2,2760,1,3457,10,3467,8,,,,,,,,
882,2,2762,1,3457,15,3467,12,,,,,,,,
883,2,3470,1,3457,14,3467,10,,,,,,,,
884,2,3537,1,3457,15,,,,,,,,,,
885,2,2781,1,3457,12,3467,10,,,,,,,,
886,37,152,1,154,60,150,50,,,,,,,,
887,37,153,1,154,50,150,45,,,,,,,,
888,37,151,1,154,40,150,40,,,,,,,,
889,29,497,1,547,20,275,15,261,15,319,5,520,5,521,
890,34,299,1,126,1,315,1,313,1,,,,,,
891,11,273,1,795,1,190,1,155,1,121,1,,,,
892,11,273,1,46,1,190,1,155,1,121,1,,,,
893,22,103,1,57,12,86,6,,,,,,,,
894,14,192,1,173,2,,,,,,,,,,
895,37,192,1,330,4,,,,,,,,,,
896,37,330,4,192,1,,,,,,,,,,
897,37,2618,1,173,6,174,2,22,2,,,,,,
898,37,2618,1,173,6,174,2,704,2,,,,,,
899,36,396,1,158,1,193,1,,,,,,,,
900,36,397,1,156,1,193,1,,,,,,,,
901,34,288,1,126,1,318,1,173,1,317,1,,,,
902,14,193,1,173,20,,,,,,,,,,
903,36,907,1,863,1,193,1,,,,,,,,
904,37,2678,4,1976,1,,,,,,,,,,
905,37,2680,4,1970,1,,,,,,,,,,
906,37,2682,4,1975,1,,,,,,,,,,
907,37,2684,4,1973,1,,,,,,,,,,
908,37,2686,4,1974,1,,,,,,,,,,
909,37,2688,4,1972,1,,,,,,,,,,
910,37,2690,4,1971,1,,,,,,,,,,
911,12,1020,1,1008,1,1050,1,,,,,,,,
912,12,1052,1,1008,1,1037,1,,,,,,,,
913,12,1008,1,1114,1,,,,,,,,,,
914,7,1245,3,8,3,999,1,,,,,,,,
915,22,1220,1,1191,10,,,,,,,,,,
916,14,1191,1,1105,4,,,,,,,,,,
917,29,1213,1,1191,20,,,,,,,,,,
918,29,1197,1,1191,10,,,,,,,,,,
919,29,1196,1,1191,15,,,,,,,,,,
920,29,1193,1,1191,10,,,,,,,,,,
921,29,1212,1,1191,10,,,,,,,,,,
922,29,1211,1,1191,10,,,,,,,,,,
923,29,1214,1,1191,15,,,,,,,,,,
924,29,1210,1,1191,10,,,,,,,,,,
925,29,1195,1,1191,15,,,,,,,,,,
926,29,1194,1,1191,10,,,,,,,,,,
927,29,1192,1,1191,10,,,,,,,,,,
928,22,1223,1,1191,10,,,,,,,,,,
929,22,582,1,22,10,530,2,,,,,,,,
930,22,582,1,704,10,530,2,,,,,,,,
931,14,1184,1,1104,3,,,,,,,,,,
932,22,1208,1,1184,20,,,,,,,,,,
933,22,1190,1,1184,10,,,,,,,,,,
934,14,1589,1,1104,1,3,1,,,,,,,,
935,37,1589,1,1590,4,,,,,,,,,,
936,37,1590,4,1589,1,,,,,,,,,,
937,22,1189,1,1184,15,,,,,,,,,,
938,22,1207,1,1184,10,,,,,,,,,,
939,22,1206,1,1184,10,,,,,,,,,,
940,22,1209,1,1184,15,,,,,,,,,,
941,22,1205,1,1184,10,,,,,,,,,,
942,22,1188,1,1184,15,,,,,,,,,,
943,22,1186,1,1184,10,,,,,,,,,,
944,22,1187,1,1184,10,,,,,,,,,,
945,22,1185,1,1184,10,,,,,,,,,,
946,22,1222,1,1184,10,,,,,,,,,,
947,37,2504,1,2508,4,,,,,,,,,,
948,37,2504,1,2506,4,,,,,,,,,,
949,30,2519,1,2504,14,22,2,,,,,,,,
950,30,2519,1,2504,14,704,2,,,,,,,,
951,30,2520,1,2504,15,225,5,,,,,,,,
952,30,2521,1,2504,8,,,,,,,,,,
953,30,2536,1,2504,20,149,10,,,,,,,,
954,37,2515,1,2504,10,,,,,,,,,,
955,37,2513,1,2504,30,,,,,,,,,,
956,37,2522,1,2504,5,8,3,,,,,,,,
957,37,2523,1,2504,4,8,1,,,,,,,,
958,37,2524,1,2504,4,,,,,,,,,,
959,22,2525,1,2504,4,8,4,85,1,,,,,,
960,37,2526,1,2504,8,22,2,,,,,,,,
961,37,2526,1,2504,8,704,2,,,,,,,,
962,30,2601,1,22,3,170,6,2504,10,,,,,,
963,30,2601,1,704,3,170,6,2504,10,,,,,,
964,37,2528,1,2504,6,,,,,,,,,,
965,30,2529,1,2504,16,,,,,,,,,,
966,37,2508,4,2504,1,,,,,,,,,,
967,37,2514,1,2504,25,,,,,,,,,,
968,37,2516,1,2504,8,,,,,,,,,,
969,37,2512,1,2504,20,,,,,,,,,,
970,37,2533,1,2504,3,8,1,,,,,,,,
971,37,2530,1,2504,6,8,1,,,,,,,,
972,30,2531,1,154,4,2504,15,149,1,,,,,,
973,7,2518,1,2504,1,,,,,,,,,,
974,37,2527,1,2504,5,225,2,,,,,,,,
975,37,2517,1,2504,7,,,,,,,,,,
976,37,2532,1,2504,8,,,,,,,,,,
977,37,2506,4,2504,1,,,,,,,,,,
978,7,2534,1,2504,10,,,,,,,,,,
979,36,1864,1,1845,1,1167,1,,,,,,,,
980,37,1349,50,1432,50,1345,1,,,,,,,,
981,36,3123,1,395,1,3036,1,3121,1,3122,1,,,,
982,14,412,1,408,1,409,1,,,,,,,,
983,37,412,1,417,4,,,,,,,,,,
984,37,417,4,412,1,,,,,,,,,,
985,37,621,1,2212,4,,,,,,,,,,
986,37,621,1,624,4,,,,,,,,,,
987,30,2078,1,621,14,22,2,,,,,,,,
988,30,2078,1,621,14,704,2,,,,,,,,
989,30,646,1,621,15,225,5,,,,,,,,
990,30,2027,1,621,20,149,10,,,,,,,,
991,37,661,1,621,10,,,,,,,,,,
992,37,737,1,621,30,,,,,,,,,,
993,37,2099,1,621,5,8,3,,,,,,,,
994,37,2051,1,621,4,8,1,,,,,,,,
995,37,630,1,621,4,,,,,,,,,,
996,22,2061,1,621,4,8,4,85,1,,,,,,
997,37,627,1,621,8,22,2,,,,,,,,
998,37,627,1,621,8,704,2,,,,,,,,
999,30,2602,1,22,3,170,6,621,10,,,,,,
1000,30,2602,1,704,3,170,6,621,10,,,,,,
1001,37,652,1,621,6,,,,,,,,,,
1002,30,649,1,621,16,,,,,,,,,,
1003,37,2212,4,621,1,,,,,,,,,,
1004,37,738,1,621,25,,,,,,,,,,
1005,37,660,1,621,8,,,,,,,,,,
1006,37,736,1,621,20,,,,,,,,,,
1007,37,2088,1,621,3,8,1,,,,,,,,
1008,37,2039,1,621,6,8,1,,,,,,,,
1009,30,643,1,154,4,621,15,149,1,,,,,,
1010,7,633,1,621,1,,,,,,,,,,
1011,37,2400,1,621,5,225,2,,,,,,,,
1012,37,659,1,621,7,,,,,,,,,,
1013,37,640,1,621,8,,,,,,,,,,
1014,37,624,4,621,1,,,,,,,,,,
1015,7,637,1,621,10,,,,,,,,,,
1016,7,2206,1,2208,1,2205,1,,,,,,,,
1017,2,3540,1,3456,18,,,,,,,,,,
1018,22,219,1,164,1,175,20,,,,,,,,
1019,30,333,1,154,4,9,15,149,1,,,,,,
1020,29,990,1,1225,18,548,1,549,1,547,1,,,,
1021,37,1925,1,1872,4,,,,,,,,,,
1022,37,1924,1,1872,6,,,,,,,,,,
1023,37,1926,1,1872,8,,,,,,,,,,
1024,12,1030,1,1018,1,1050,1,,,,,,,,
1025,12,1062,1,1018,1,1037,1,,,,,,,,
1026,37,2613,1,139,8,22,2,,,,,,,,
1027,37,2613,1,139,8,704,2,,,,,,,,
1028,12,1018,1,1113,1,,,,,,,,,,
1029,37,979,1,804,1,981,3,,,,,,,,
1030,37,978,1,803,1,981,3,,,,,,,,
1031,37,980,1,805,1,981,3,,,,,,,,
1032,36,3252,1,3241,1,158,1,,,,,,,,
1033,7,2441,1,126,1,,1,,,,,,,,
1034,32,3113,1,3111,1,,,,,,,,,,
1035,7,3114,3,3111,1,9,1,,,,,,,,
1036,14,350,1,133,4,,,,,,,,,,
1037,30,479,4,3,1,9,1,,,,,,,,
1038,22,3482,1,706,9,9,3,,,,,,,,
1039,14,706,1,702,4,,,,,,,,,,
1040,22,3480,1,706,7,,,,,,,,,,
1041,14,719,1,3,1,702,1,,,,,,,,
1042,37,719,1,722,4,,,,,,,,,,
1043,37,722,4,719,1,,,,,,,,,,
1044,22,3484,1,706,8,,,,,,,,,,
1045,37,714,1,706,5,8,3,,,,,,,,
1046,37,713,1,706,1,8,1,,,,,,,,
1047,22,697,1,706,35,,,,,,,,,,
1048,22,712,1,706,4,8,4,85,1,,,,,,
1049,7,74,1,73,100,,,,,,,,,,
1050,22,715,1,706,30,178,1,,,,,,,,
1051,22,698,1,706,30,,,,,,,,,,
1052,22,3481,1,706,10,9,3,,,,,,,,
1053,22,696,1,706,25,,,,,,,,,,
1054,22,3485,1,706,12,9,4,,,,,,,,
1055,22,3483,1,706,7,,,,,,,,,,
1056,35,709,1,706,10,85,1,,,,,,,,
1057,7,1310,50,209,1,,,,,,,,,,
1058,7,287,20,279,20,67,1,,,,,,,,
1059,36,897,1,536,1,211,1,,,,,,,,
1060,22,2492,1,2340,1,543,1,,,,,,,,
1061,37,1725,1,1726,4,,,,,,,,,,
1062,30,2661,1,1725,14,22,2,,,,,,,,
1063,30,2661,1,1725,14,704,2,,,,,,,,
1064,37,2669,1,1725,15,225,5,,,,,,,,
1065,37,2670,1,1725,20,149,10,,,,,,,,
1066,37,1732,1,1725,30,,,,,,,,,,
1067,37,2668,1,1725,5,8,3,,,,,,,,
1068,37,2054,1,1725,4,8,1,,,,,,,,
1069,37,1792,1,1725,4,,,,,,,,,,
1070,22,2656,1,1725,4,8,4,85,1,,,,,,
1071,37,2619,1,1725,8,22,2,,,,,,,,
1072,37,2619,1,1725,8,704,2,,,,,,,,
1073,37,2603,1,22,3,170,6,1725,10,,,,,,
1074,37,2603,1,704,3,170,6,1725,10,,,,,,
1075,37,1793,1,1725,6,,,,,,,,,,
1076,30,2637,1,1725,16,,,,,,,,,,
1077,37,1731,1,1725,20,,,,,,,,,,
1078,37,2643,1,1725,3,8,1,,,,,,,,
1079,37,2641,1,1725,6,8,1,,,,,,,,
1080,37,1733,1,1725,25,,,,,,,,,,
1081,29,1844,1,1725,30,1508,5,1225,10,,,,,,
1082,37,2671,1,154,4,1725,15,149,1,,,,,,
1083,14,1787,1,1725,10,,,,,,,,,,
1084,7,1796,1,1725,1,,,,,,,,,,
1085,37,2415,1,1725,5,225,2,,,,,,,,
1086,37,1794,1,1725,8,,,,,,,,,,
1087,37,1726,4,1725,1,,,,,,,,,,
1088,7,1795,1,1725,10,,,,,,,,,,
1089,12,1028,1,1016,1,1050,1,,,,,,,,
1090,12,1060,1,1016,1,1037,1,,,,,,,,
1091,12,1016,1,1118,1,,,,,,,,,,
1092,7,2179,1,31,1,1995,1,,,,,,,,
1093,22,201,1,117,20,181,10,,,,,,,,
1094,22,3767,1,201,1,502,50,,,,,,,,
1095,37,1267,20,392,20,181,1,,,,,,,,
1096,7,430,3,8,3,181,1,,,,,,,,
1097,22,2366,1,2607,24,,,,,,,,,,
1098,36,3122,1,3095,1,3118,1,3084,1,,,,,,
1099,34,2347,1,126,1,2319,1,316,1,,,,,,
1100,37,662,1,663,4,,,,,,,,,,
1101,37,663,4,662,1,,,,,,,,,,
1102,12,1066,1,1068,1,1069,1,1070,1,,,,,,
1103,29,495,1,501,60,502,30,549,20,520,10,526,4,,
1104,34,2350,1,126,1,2309,1,313,1,,,,,,
1105,7,2180,1,31,1,1996,1,,,,,,,,
1106,12,1019,1,1007,1,1050,1,,,,,,,,
1107,12,1051,1,1007,1,1037,1,,,,,,,,
1108,26,337,1,225,3,,,,,,,,,,
1109,14,131,1,133,2,,,,,,,,,,
1110,37,131,1,132,4,,,,,,,,,,
1111,37,132,4,131,1,,,,,,,,,,
1112,12,1007,1,1115,1,,,,,,,,,,
1113,22,199,1,117,20,178,10,,,,,,,,
1114,22,3765,1,199,1,502,50,,,,,,,,
1115,37,1271,20,392,20,178,1,,,,,,,,
1116,14,611,1,424,1,133,10,,,,,,,,
1117,37,611,1,615,4,,,,,,,,,,
1118,37,615,4,611,1,,,,,,,,,,
1119,7,428,3,8,3,178,1,,,,,,,,
1120,34,289,1,126,1,313,1,5,1,,,,,,
1121,22,2291,1,22,8,,,,,,,,,,
1122,22,2291,1,704,8,,,,,,,,,,
1123,34,227,1,5,1,3111,1,31,1,,,,,,
1124,37,620,1,2211,4,,,,,,,,,,
1125,37,620,1,623,4,,,,,,,,,,
1126,30,2077,1,620,14,22,2,,,,,,,,
1127,30,2077,1,620,14,704,2,,,,,,,,
1128,30,645,1,620,15,225,5,,,,,,,,
1129,30,2026,1,620,20,149,10,,,,,,,,
1130,37,658,1,620,10,,,,,,,,,,
1131,37,734,1,620,30,,,,,,,,,,
1132,37,2098,1,620,5,8,3,,,,,,,,
1133,37,2050,1,620,4,8,1,,,,,,,,
1134,37,629,1,620,4,,,,,,,,,,
1135,22,2060,1,620,4,8,4,85,1,,,,,,
1136,37,626,1,620,8,22,2,,,,,,,,
1137,37,626,1,620,8,704,2,,,,,,,,
1138,30,2597,1,22,3,170,6,620,10,,,,,,
1139,30,2597,1,704,3,170,6,620,10,,,,,,
1140,37,651,1,620,6,,,,,,,,,,
1141,30,648,1,620,16,,,,,,,,,,
1142,37,2211,4,620,1,,,,,,,,,,
1143,37,735,1,620,25,,,,,,,,,,
1144,37,657,1,620,8,,,,,,,,,,
1145,37,733,1,620,20,,,,,,,,,,
1146,37,2087,1,620,3,8,1,,,,,,,,
1147,37,2038,1,620,6,8,1,,,,,,,,
1148,30,642,1,154,4,620,15,149,1,,,,,,
1149,7,632,1,620,1,,,,,,,,,,
1150,37,2399,1,620,5,225,2,,,,,,,,
1151,37,656,1,620,7,,,,,,,,,,
1152,37,639,1,620,8,,,,,,,,,,
1153,37,623,4,620,1,,,,,,,,,,
1154,7,636,1,620,10,,,,,,,,,,
1155,26,262,1,225,20,,,,,,,,,,
1156,7,985,1,965,10,,,,,,,,,,
1157,37,1974,20,170,20,178,1,,,,,,,,
1158,37,1974,1,2686,4,,,,,,,,,,
1159,37,1974,1,2685,4,,,,,,,,,,
1160,37,2685,4,1974,1,,,,,,,,,,
1161,22,1240,1,178,15,,,,,,,,,,
1162,26,1286,1,262,1,178,10,,,,,,,,
1163,22,743,1,19,10,178,8,,,,,,,,
1164,14,266,1,323,10,180,5,324,1,,,,,,
1165,14,607,1,169,1,,,,,,,,,,
1166,37,607,1,608,4,,,,,,,,,,
1167,37,608,4,607,1,,,,,,,,,,
1168,16,2120,1,169,1,,,,,,,,,,
1169,36,983,1,857,1,159,1,,,,,,,,
1170,37,1972,20,170,20,177,1,,,,,,,,
1171,37,1972,1,2688,4,,,,,,,,,,
1172,37,1972,1,2687,4,,,,,,,,,,
1173,37,2687,4,1972,1,,,,,,,,,,
1174,22,1238,1,177,15,,,,,,,,,,
1175,26,1284,1,262,1,177,10,,,,,,,,
1176,22,741,1,21,10,177,8,,,,,,,,
1177,37,2427,1,2301,1,,,,,,,,,,
1178,37,2427,1,2298,1,,,,,,,,,,
1179,37,2427,1,2297,1,,,,,,,,,,
1180,37,2427,1,2300,1,,,,,,,,,,
1181,37,363,1,9,10,85,1,22,2,,,,,,
1182,37,363,1,9,10,85,1,704,2,,,,,,
1183,7,2186,1,2208,1,2157,1,,,,,,,,
1184,37,911,1,2213,4,,,,,,,,,,
1185,37,911,1,927,4,,,,,,,,,,
1186,30,2127,1,911,14,22,2,,,,,,,,
1187,30,2127,1,911,14,704,2,,,,,,,,
1188,30,920,1,911,15,225,5,,,,,,,,
1189,30,2136,1,911,20,149,10,,,,,,,,
1190,37,923,1,911,10,,,,,,,,,,
1191,37,925,1,911,30,,,,,,,,,,
1192,37,2150,1,911,5,8,3,,,,,,,,
1193,37,2154,1,911,4,8,1,,,,,,,,
1194,37,915,1,911,4,,,,,,,,,,
1195,22,2142,1,911,4,8,4,85,1,,,,,,
1196,37,914,1,911,8,22,2,,,,,,,,
1197,37,914,1,911,8,704,2,,,,,,,,
1198,30,2604,1,22,3,170,6,911,10,,,,,,
1199,30,2604,1,704,3,170,6,911,10,,,,,,
1200,37,912,1,911,6,,,,,,,,,,
1201,30,918,1,911,16,,,,,,,,,,
1202,37,2213,4,911,1,,,,,,,,,,
1203,37,926,1,911,25,,,,,,,,,,
1204,37,922,1,911,8,,,,,,,,,,
1205,37,924,1,911,20,,,,,,,,,,
1206,37,2132,1,911,3,8,1,,,,,,,,
1207,37,2146,1,911,6,8,1,,,,,,,,
1208,30,919,1,154,4,911,15,149,1,,,,,,
1209,7,913,1,9,1,,,,,,,,,,
1210,37,2401,1,911,5,225,2,,,,,,,,
1211,37,921,1,911,7,,,,,,,,,,
1212,37,917,1,911,8,,,,,,,,,,
1213,37,927,4,911,1,,,,,,,,,,
1214,7,916,1,911,10,,,,,,,,,,
1215,22,100,1,57,20,86,15,,,,,,,,
1216,22,102,1,57,15,86,10,,,,,,,,
1217,22,101,1,57,25,86,20,,,,,,,,
1218,36,3241,1,3225,1,3201,1,,,,,,,,
1219,34,298,1,126,1,313,1,183,1,,,,,,
1220,3,1552,1,1006,1,183,15,,,,,,,,
1221,29,1549,1,1552,24,,,,,,,,,,
1222,29,2176,1,1552,18,,,,,,,,,,
1223,29,1546,1,1552,12,,,,,,,,,,
1224,29,1548,1,1552,12,,,,,,,,,,
1225,29,1550,1,1552,18,,,,,,,,,,
1226,29,1547,1,1552,12,,,,,,,,,,
1227,37,171,1,9,6,,,,,,,,,,
1228,26,225,1,150,7,,,,,,,,,,
1229,22,3512,1,21,9,9,3,,,,,,,,
1230,14,21,1,14,4,,,,,,,,,,
1231,22,3510,1,21,7,,,,,,,,,,
1232,14,143,1,3,1,14,1,,,,,,,,
1233,37,143,1,144,4,,,,,,,,,,
1234,37,144,4,143,1,,,,,,,,,,
1235,22,3514,1,21,8,,,,,,,,,,
1236,22,278,70,21,1,97,70,,,,,,,,
1237,22,82,1,21,30,,,,,,,,,,
1238,22,107,1,21,4,8,4,85,1,,,,,,
1239,7,72,1,71,100,,,,,,,,,,
1240,7,72,100,73,1,,,,,,,,,,
1241,22,78,1,21,25,,,,,,,,,,
1242,22,3511,1,21,10,9,3,,,,,,,,
1243,22,91,1,21,20,,,,,,,,,,
1244,22,3515,1,21,12,9,4,,,,,,,,
1245,22,3513,1,21,6,,,,,,,,,,
1246,35,16,1,21,10,85,1,,,,,,,,
1247,37,347,1,154,10,8,1,,,,,,,,
1248,12,1026,1,1014,1,1050,1,,,,,,,,
1249,12,1058,1,1014,1,1037,1,,,,,,,,
1250,12,1014,1,1109,1,,,,,,,,,,
1251,31,2080,1,824,14,,,,,,,,,,
1252,31,2070,1,824,15,225,5,,,,,,,,
1253,31,2029,1,824,20,149,10,,,,,,,,
1254,31,2102,1,824,5,8,3,,,,,,,,
1255,31,2053,1,824,4,8,1,,,,,,,,
1256,31,826,1,824,4,,,,,,,,,,
1257,31,2063,1,824,4,8,4,85,1,,,,,,
1258,31,837,1,824,6,,,,,,,,,,
1259,31,2394,1,824,16,,,,,,,,,,
1260,31,2090,1,824,3,8,1,,,,,,,,
1261,31,2042,1,824,6,8,1,,,,,,,,
1262,31,2384,1,824,15,154,4,149,1,,,,,,
1263,31,2410,1,824,5,225,2,,,,,,,,
1264,31,830,1,824,8,,,,,,,,,,
1265,31,2631,1,824,10,,,,,,,,,,
1266,32,2567,1,762,14,,,,,,,,,,
1267,32,2568,1,762,15,225,5,,,,,,,,
1268,32,762,1,23,1,,,,,,,,,,
1269,37,762,1,769,4,,,,,,,,,,
1270,37,769,4,762,1,,,,,,,,,,
1271,32,2569,1,762,20,149,10,,,,,,,,
1272,32,2570,1,762,5,8,3,,,,,,,,
1273,32,2571,1,762,4,8,1,,,,,,,,
1274,32,2572,1,762,4,,,,,,,,,,
1275,32,2573,1,762,4,8,4,85,1,,,,,,
1276,32,2574,1,762,8,22,2,,,,,,,,
1277,32,2574,1,762,8,704,2,,,,,,,,
1278,32,2575,1,22,3,170,6,762,10,,,,,,
1279,32,2575,1,704,3,170,6,762,10,,,,,,
1280,11,560,1,264,1,23,99,,,,,,,,
1281,11,560,1,715,1,23,99,,,,,,,,
1282,32,2576,1,762,6,,,,,,,,,,
1283,32,2577,1,762,16,,,,,,,,,,
1284,32,2578,1,762,3,8,1,,,,,,,,
1285,32,2579,1,762,6,8,1,,,,,,,,
1286,32,2580,1,154,4,762,15,149,1,,,,,,
1287,7,2581,1,762,1,,,,,,,,,,
1288,32,2582,1,762,5,225,2,,,,,,,,
1289,32,2583,1,762,8,,,,,,,,,,
1290,7,815,1,762,10,,,,,,,,,,
1291,7,2174,1,2208,1,2006,1,,,,,,,,
1292,36,1858,1,1301,1,1300,1,,,,,,,,
1293,37,594,1,593,2,,,,,,,,,,
1294,37,594,1,595,4,,,,,,,,,,
1295,37,595,4,594,1,,,,,,,,,,
1296,7,949,10,593,1,,,,,,,,,,
1297,37,2397,1,9,5,225,2,,,,,,,,
1298,2,3473,1,3458,18,,,,,,,,,,
1299,2,2764,1,3458,20,3467,16,,,,,,,,
1300,2,3522,1,3458,14,3467,12,,,,,,,,
1301,2,2763,1,3458,10,3467,8,,,,,,,,
1302,2,2765,1,3458,15,3467,12,,,,,,,,
1303,2,2786,1,3458,12,3467,10,,,,,,,,
1304,2,3458,1,3456,1,3457,1,3459,1,,,,,,
1305,2,3573,5,3458,1,3,5,,,,,,,,
1306,2,3539,1,3458,15,,,,,,,,,,
1307,2,3468,1,3458,14,3467,10,,,,,,,,
1308,34,2355,1,126,1,317,1,275,1,,,,,,
1309,22,127,1,117,30,75,2,,,,,,,,
1310,30,2117,1,9,12,22,3,,,,,,,,
1311,30,2117,1,9,12,704,3,,,,,,,,
1312,36,405,1,1579,1,128,1,,,,,,,,
1313,36,405,1,54,1,128,1,,,,,,,,
1314,36,405,1,3200,1,128,1,,,,,,,,
1315,29,1507,1,3261,18,,,,,,,,,,
1316,29,1503,1,3261,12,,,,,,,,,,
1317,29,2189,1,3261,12,,,,,,,,,,
1318,29,1544,1,3261,8,,,,,,,,,,
1319,29,1545,1,3261,8,,,,,,,,,,
1320,29,1543,1,3261,8,,,,,,,,,,
1321,29,1505,1,3261,18,,,,,,,,,,
1322,29,1506,1,3261,18,,,,,,,,,,
1323,29,1504,1,3261,24,,,,,,,,,,
1324,34,296,1,126,1,315,1,13,1,314,1,,,,
1325,34,296,1,126,1,315,1,702,1,314,1,,,,
1326,22,2371,1,2607,16,,,,,,,,,,
1327,22,2372,1,2607,12,,,,,,,,,,
1328,22,2370,1,2607,8,,,,,,,,,,
1329,22,2551,1,2607,16,,,,,,,,,,
1330,30,2081,1,1729,14,22,2,,,,,,,,
1331,30,2081,1,1729,14,704,2,,,,,,,,
1332,37,2071,1,1729,15,225,5,,,,,,,,
1333,30,2028,1,1729,20,149,10,,,,,,,,
1334,37,1833,1,1729,300,,,,,,,,,,
1335,37,2103,1,1729,5,8,3,,,,,,,,
1336,37,2650,1,1729,4,8,1,,,,,,,,
1337,37,1814,1,1729,4,,,,,,,,,,
1338,37,2064,1,1729,4,8,4,85,1,,,,,,
1339,37,2620,1,1729,8,22,2,,,,,,,,
1340,37,2620,1,1729,8,704,2,,,,,,,,
1341,30,2605,1,22,3,170,6,1729,10,,,,,,
1342,30,2605,1,704,3,170,6,1729,10,,,,,,
1343,37,1815,1,1729,6,,,,,,,,,,
1344,30,2393,1,1729,16,,,,,,,,,,
1345,37,1832,1,1729,200,,,,,,,,,,
1346,37,2091,1,1729,3,8,1,,,,,,,,
1347,37,2043,1,1729,6,8,1,,,,,,,,
1348,37,1834,1,1729,250,,,,,,,,,,
1349,37,2383,1,154,4,1729,15,149,1,,,,,,
1350,7,1818,1,1729,1,,,,,,,,,,
1351,37,2409,1,1729,5,225,2,,,,,,,,
1352,37,1816,1,1729,8,,,,,,,,,,
1353,37,1729,1,1730,4,,,,,,,,,,
1354,37,1730,4,1729,1,,,,,,,,,,
1355,7,1817,1,1729,10,,,,,,,,,,
1356,7,2163,1,2208,1,2018,1,,,,,,,,
1357,22,197,1,98,1,117,20,75,5,,,,,,
1358,7,1431,1,31,1,75,1,,,,,,,,
1359,36,862,1,532,1,554,1,,,,,,,,
1360,2,3474,1,3459,18,,,,,,,,,,
1361,2,3531,1,3459,18,,,,,,,,,,
1362,2,3459,1,3458,1,3456,1,3457,1,,,,,,
1363,2,3576,5,3459,1,3,5,,,,,,,,
1364,2,3525,1,3459,14,3467,12,,,,,,,,
1365,2,3381,1,3459,10,3467,8,,,,,,,,
1366,2,3383,1,3459,15,3467,12,,,,,,,,
1367,2,3538,1,3459,15,,,,,,,,,,
1368,2,3466,1,3459,12,3467,10,,,,,,,,
1369,2,3382,1,3459,20,3467,16,,,,,,,,
1370,2,3471,1,3459,14,3467,10,,,,,,,,
1371,33,2125,1,1344,14,,,,,,,,,,
1372,33,1722,1,1344,15,225,5,,,,,,,,
1373,33,2024,1,1344,20,149,10,,,,,,,,
1374,33,2096,1,1344,5,8,3,,,,,,,,
1375,33,2649,1,1344,4,8,1,,,,,,,,
1376,33,1708,1,1344,4,,,,,,,,,,
1377,33,2655,1,1344,4,8,4,85,1,,,,,,
1378,33,2250,1,1344,8,22,2,,,,,,,,
1379,33,2250,1,1344,8,704,2,,,,,,,,
1380,33,2241,1,1344,10,170,6,22,3,,,,,,
1381,33,2241,1,1344,10,170,6,704,3,,,,,,
1382,33,1712,1,1344,6,,,,,,,,,,
1383,33,2638,1,1344,16,,,,,,,,,,
1384,33,2130,1,1344,3,8,1,,,,,,,,
1385,33,2036,1,1344,6,8,1,,,,,,,,
1386,33,2256,1,1344,15,154,4,149,1,,,,,,
1387,33,2412,1,1344,5,225,2,,,,,,,,
1388,33,1718,1,1344,8,,,,,,,,,,
1389,7,2253,1,1344,10,,,,,,,,,,
1390,7,235,1,23,1,166,1,,,,,,,,
1391,7,2896,1,23,1,167,1,,,,,,,,
1392,7,286,5,23,1,282,5,,,,,,,,
1393,7,2586,5,23,1,168,5,,,,,,,,
1394,34,2353,1,126,1,2321,1,316,1,,,,,,
1395,37,3,1,26,4,,,,,,,,,,
1396,16,2119,1,3,1,,,,,,,,,,
1397,37,2433,4,2119,1,,,,,,,,,,
1398,37,26,4,3,1,,,,,,,,,,
1399,7,2182,1,31,1,1998,1,,,,,,,,
1400,34,2328,1,126,1,2311,1,314,1,,,,,,
1401,38,237,1,236,2,,,,,,,,,,
1402,31,2606,1,824,10,170,6,22,3,,,,,,
1403,31,2606,1,824,10,170,6,704,3,,,,,,
1404,34,3544,4,499,4,3457,1,3458,1,3459,1,3456,1,,
1405,34,2209,15,500,15,75,1,526,1,502,3,,,,
1406,11,43,1,38,6,,,,,,,,,,
1407,36,1578,1,1132,1,1290,1,,,,,,,,
1408,34,290,1,126,1,315,1,276,1,,,,,,
1409,30,2118,1,9,12,22,3,,,,,,,,
1410,30,2118,1,9,12,704,3,,,,,,,,
1411,16,3240,1,9,12,22,4,,,,,,,,
1412,12,1024,1,1012,1,1050,1,,,,,,,,
1413,12,1056,1,1012,1,1037,1,,,,,,,,
1414,12,1012,1,1107,1,,,,,,,,,,
1415,34,2351,1,126,1,2317,1,318,1,,,,,,
1416,22,796,1,1257,8,,,,,,,,,,
1417,29,757,1,674,1,675,1,,,,,,,,
1418,14,2208,1,170,16,,,,,,,,,,
1419,16,#N/A,1,3,50,,,,,,,,,,
1420,22,104,1,57,10,86,5,,,,,,,,
1421,22,801,1,1257,10,1329,5,,,,,,,,
1422,36,903,1,889,1,893,1,,,,,,,,
1423,22,191,1,331,6,209,15,,,,,,,,
1424,34,301,1,126,1,276,1,316,1,209,1,69,1,,
1425,22,355,1,225,20,706,30,,,,,,,,
1426,22,355,1,19,30,225,20,,,,,,,,
1427,36,976,1,953,1,975,1,,,,,,,,
1428,37,342,1,9,3,8,1,,,,,,,,
1429,22,3500,1,703,9,9,3,,,,,,,,
1430,14,703,1,699,3,,,,,,,,,,
1431,22,3498,1,703,7,,,,,,,,,,
1432,14,717,1,3,1,699,1,,,,,,,,
1433,37,717,1,720,4,,,,,,,,,,
1434,37,720,4,717,1,,,,,,,,,,
1435,22,3502,1,703,8,,,,,,,,,,
1436,22,688,1,703,25,,,,,,,,,,
1437,22,710,1,703,4,8,4,85,1,,,,,,
1438,22,689,1,703,20,,,,,,,,,,
1439,22,3499,1,703,10,9,3,,,,,,,,
1440,22,687,1,703,15,,,,,,,,,,
1441,22,3503,1,703,12,9,4,,,,,,,,
1442,16,2692,1,3,1,699,1,,,,,,,,
1443,37,2691,4,2692,1,,,,,,,,,,
1444,22,3501,1,703,7,,,,,,,,,,
1445,35,707,1,703,10,85,1,,,,,,,,
1446,34,2326,1,126,1,154,1,316,1,2358,1,,,,
1447,1,1198,1,1106,5,,,,,,,,,,
1448,29,1218,1,1198,24,,,,,,,,,,
1449,29,1204,1,1198,12,,,,,,,,,,
1450,29,1203,1,1198,18,,,,,,,,,,
1451,29,1221,1,1106,30,221,1,,,,,,,,
1452,29,1217,1,1198,12,,,,,,,,,,
1453,29,1216,1,1198,12,,,,,,,,,,
1454,29,1219,1,1198,18,,,,,,,,,,
1455,29,1215,1,1198,12,,,,,,,,,,
1456,29,1202,1,1198,18,,,,,,,,,,
1457,29,1201,1,1198,12,,,,,,,,,,
1458,29,1199,1,1198,12,,,,,,,,,,
1459,29,1200,1,1198,12,,,,,,,,,,
1460,29,1224,1,1198,12,,,,,,,,,,
1461,14,1593,1,1106,1,3,1,,,,,,,,
1462,37,1593,1,1594,4,,,,,,,,,,
1463,37,1594,4,1593,1,,,,,,,,,,
1464,22,358,1,22,6,,,,,,,,,,
1465,22,358,1,704,6,,,,,,,,,,
1466,37,1971,20,170,20,180,1,,,,,,,,
1467,37,1971,1,2690,4,,,,,,,,,,
1468,37,1971,1,2689,4,,,,,,,,,,
1469,37,2689,4,1971,1,,,,,,,,,,
1470,22,1237,1,180,15,,,,,,,,,,
1471,26,1283,1,262,1,180,10,,,,,,,,
1472,22,740,1,703,10,180,8,,,,,,,,
1473,7,8,3,23,1,9,1,,,,,,,,
1474,37,3239,1,9,8,22,4,,,,,,,,
1475,37,3239,1,9,8,704,4,,,,,,,,
1476,22,348,1,22,8,,,,,,,,,,
1477,22,348,1,704,8,,,,,,,,,,
1478,7,2183,1,31,1,1999,1,,,,,,,,
1479,29,674,1,368,1,1570,1,,,,,,,,
1480,29,675,1,273,1,1570,1,,,,,,,,
1481,22,3488,1,705,9,9,3,,,,,,,,
1482,14,705,1,701,4,,,,,,,,,,
1483,22,3486,1,705,7,,,,,,,,,,
1484,14,718,1,3,1,701,1,,,,,,,,
1485,37,718,1,721,4,,,,,,,,,,
1486,37,721,4,718,1,,,,,,,,,,
1487,22,3490,1,705,8,,,,,,,,,,
1488,22,694,1,705,30,,,,,,,,,,
1489,22,711,1,705,4,8,4,85,1,,,,,,
1490,22,695,1,705,25,,,,,,,,,,
1491,22,3487,1,705,10,9,3,,,,,,,,
1492,22,693,1,705,20,,,,,,,,,,
1493,22,3491,1,705,12,9,4,,,,,,,,
1494,22,3489,1,705,6,,,,,,,,,,
1495,35,708,1,705,10,85,1,,,,,,,,
1496,29,1316,1,1328,1,1006,12,,,,,,,,
1497,29,1318,1,1328,1,1006,18,,,,,,,,
1498,29,1317,1,1328,1,1006,24,,,,,,,,
1499,26,241,1,225,20,254,3,,,,,,,,
1500,26,240,1,225,20,254,3,,,,,,,,
1501,7,2181,1,31,1,1997,1,,,,,,,,
1502,22,47,3,40,3,69,1,,,,,,,,
1503,7,423,5,126,1,59,1,370,1,,,,,,
1504,29,1341,35,40,35,1339,1,,,,,,,,
1505,37,1342,50,1432,50,1339,1,,,,,,,,
1506,29,2188,1,1308,1,1006,14,,,,,,,,
1507,34,2886,5,2887,1,,,,,,,,,,
1508,34,67,5,60,1,,,,,,,,,,
1509,12,1029,1,1017,1,1050,1,,,,,,,,
1510,12,1061,1,1017,1,1037,1,,,,,,,,
1511,12,1017,1,1117,1,,,,,,,,,,
1512,12,1070,1,1016,1,1017,1,1018,1,,,,,,
1513,2,3475,1,3456,18,,,,,,,,,,
1514,2,3469,1,3456,14,3467,10,,,,,,,,
1515,2,2758,1,3456,20,3467,16,,,,,,,,
1516,2,3456,1,3458,1,3457,1,3459,1,,,,,,
1517,2,3574,5,3456,1,3,5,,,,,,,,
1518,2,3523,1,3456,14,3467,12,,,,,,,,
1519,2,2757,1,3456,10,3467,8,,,,,,,,
1520,2,2759,1,3456,15,3467,12,,,,,,,,
1521,2,3536,1,3456,15,,,,,,,,,,
1522,2,2776,1,3456,12,3467,10,,,,,,,,
1523,22,45,1,57,10,,,,,,,,,,
1524,34,2359,1,126,1,2306,1,2358,1,,,,,,
1525,10,148,1,105,1,,,,,,,,,,
1526,10,148,1,713,1,,,,,,,,,,
1527,34,302,1,126,1,319,1,317,1,,,,,,
1528,10,2693,1,170,1,,,,,,,,,,
1529,37,2169,4,2693,1,,,,,,,,,,
1530,30,2699,1,9,10,,,,,,,,,,
1531,37,2263,4,2260,1,,,,,,,,,,
1532,36,1251,1,1163,1,158,1,,,,,,,,
1533,22,202,1,117,20,182,10,,,,,,,,
1534,22,3768,1,202,1,502,50,,,,,,,,
1535,26,3306,1,150,30,,,,,,,,,,
1536,7,431,3,8,3,182,1,,,,,,,,
1537,14,2244,1,170,1,,,,,,,,,,
1538,30,1989,1,9,20,,,,,,,,,,
1539,37,9,1,93,4,,,,,,,,,,
1540,37,9,1,1447,4,,,,,,,,,,
1541,37,728,1,9,30,,,,,,,,,,
1542,37,2289,1,9,8,,,,,,,,,,
1543,37,729,1,9,25,,,,,,,,,,
1544,37,727,1,9,20,,,,,,,,,,
1545,7,94,1,9,1,,,,,,,,,,
1546,37,93,4,9,1,,,,,,,,,,
1547,37,40,5,9,1,3,1,,,,,,,,
1548,30,480,1,9,1,,,,,,,,,,
1549,37,39,1,9,10,,,,,,,,,,
1550,37,34,1,9,4,,,,,,,,,,
1551,37,25,1,9,6,,,,,,,,,,
1552,37,1447,4,9,1,,,,,,,,,,
1553,37,196,1,9,8,,,,,,,,,,
1554,37,24,1,9,7,,,,,,,,,,
1555,37,32,1,9,8,,,,,,,,,,
1556,7,36,1,9,10,,,,,,,,,,
1557,7,2207,1,2208,1,2002,1,,,,,,,,
1558,11,70,1,68,15,67,30,,,,,,,,
1559,34,2997,1,126,1,2309,1,315,1,,,,,,
1560,34,2349,1,126,1,2318,1,316,1,,,,,,
1561,12,1021,1,1009,1,1050,1,,,,,,,,
1562,12,1053,1,1009,1,1037,1,,,,,,,,
1563,26,340,1,225,3,,,,,,,,,,
1564,12,1009,1,1110,1,,,,,,,,,,
1565,12,1068,1,1008,1,1009,1,1010,1,,,,,,
1566,36,1252,1,983,1,158,1,,,,,,,,
1567,22,203,1,117,20,180,10,,,,,,,,
1568,22,3769,1,203,1,502,50,,,,,,,,
1569,37,1268,20,392,20,180,1,,,,,,,,
1570,14,612,1,424,1,169,10,,,,,,,,
1571,37,612,1,616,4,,,,,,,,,,
1572,37,616,4,612,1,,,,,,,,,,
1573,7,432,3,8,3,180,1,,,,,,,,
1574,36,3366,1,3306,1,3334,1,3309,1,,,,,,
1575,36,3366,1,3306,1,3334,1,3310,1,,,,,,
1576,36,3366,1,3306,1,3334,1,3311,1,,,,,,
1577,36,3366,1,3306,1,3334,1,3312,1,,,,,,
1578,36,3366,1,3306,1,3334,1,3313,1,,,,,,
1579,36,3366,1,3306,1,3334,1,3314,1,,,,,,
1580,7,2184,1,31,1,2000,1,,,,,,,,
1581,16,2702,,3,50,,,,,,,,,,
1582,16,2703,,3,50,,,,,,,,,,
1583,16,2704,,3,50,,,,,,,,,,
1584,16,2705,,3,50,,,,,,,,,,
1585,16,2706,,3,50,,,,,,,,,,
1586,16,2707,,3,50,,,,,,,,,,
1587,16,2708,,3,50,,,,,,,,,,
1588,16,2709,,3,50,,,,,,,,,,
1589,16,2710,,3,50,,,,,,,,,,
1590,16,2711,,3,50,,,,,,,,,,
1591,16,2712,,3,50,,,,,,,,,,
1592,16,2713,,3,50,,,,,,,,,,
1593,16,2714,,3,50,,,,,,,,,,
1594,16,2715,,3,50,,,,,,,,,,
1595,16,2716,,3,50,,,,,,,,,,
1596,16,2717,,3,50,,,,,,,,,,
1597,16,2718,,3,50,,,,,,,,,,
1598,16,2719,,3,50,,,,,,,,,,
1599,16,2720,,3,50,,,,,,,,,,
1600,16,2721,,3,50,,,,,,,,,,
1601,16,2722,,3,50,,,,,,,,,,
1602,16,2723,,3,50,,,,,,,,,,
1603,16,2724,,3,50,,,,,,,,,,
1604,16,2725,,3,50,,,,,,,,,,
1605,16,2726,,3,50,,,,,,,,,,
1606,16,2727,,3,50,,,,,,,,,,
1607,16,2728,,3,50,,,,,,,,,,
1608,16,2729,,3,50,,,,,,,,,,
1609,16,2730,,3,50,,,,,,,,,,
1610,16,2731,,3,50,,,,,,,,,,
1611,16,2732,,3,50,,,,,,,,,,
1612,16,2733,,3,50,,,,,,,,,,
1613,16,2734,,3,50,,,,,,,,,,
1614,16,2735,,3,50,,,,,,,,,,
1615,16,2736,,3,50,,,,,,,,,,
1616,16,2737,,3,50,,,,,,,,,,
1617,21,1353,1,126,1,522,5,,,,,,,,
1618,21,1354,1,126,1,174,5,,,,,,,,
1619,21,1356,1,126,1,1332,5,,,,,,,,
